指标,图像基线-CNN-SGD,表格基线-逻辑回归,图像改进-CNN-AdamW余弦,图像改进-CNN-AdamW余弦-重复-1 ×3次,表格改进-MLP,图像改进-CNN-AdamW余弦-消融-丢弃率-0,图像改进-CNN-AdamW余弦-消融-学习率调度-none,图像改进-CNN-AdamW余弦-消融-权重衰减 L2-0,图像改进-CNN-AdamW余弦-消融-优化器-sgd
主指标：test_accuracy,1,0.96491228,1,1.00±0.00,0.96491228,1,1,1,0.5
准确率,1,0.96491228,1,1.00±0.00,0.96491228,1,1,1,0.5
best_val_accuracy,1,,1,1.00±0.00,0.94737,1,1,1,0.625
f1_macro,1,0.96191113,1,1.00±0.00,0.96191113,1,1,1,0.42107843
f1_weighted,1,0.96472471,1,1.00±0.00,0.96472471,1,1,1,0.40994009
precision_macro,1,0.96722973,1,1.00±0.00,0.96722973,1,1,1,0.59883721
recall_macro,1,0.95734127,1,1.00±0.00,0.95734127,1,1,1,0.515625
测试损失,0.8416,,1.16559,0.653±0.410,0.08577,1.14721,1.16559,1.1656,1.318
ROC AUC,,0.99603175,,,0.99702381,,,,
